ind-id,ind-tname,ind-exp,ind-cost,ind-site,ind-role,ind-onoroff,ind-thx-notes-g,ind-thx-notes-r,ind-grade,ind-pto,ind-doj,ind-skill-level,ind-skill
1,bench,10,120,1,domain,on,0,20,28,30,2/17/2010,1,fullstack
2,bench,9,100,2,domain,off,0,15,28,30,2/18/2011,2,fullstack
3,bench,7,60,3,design,off,1,0,27,30,2/19/2013,3,ms-os
4,bench,5,60,3,design,off,3,0,27,20,2/20/2015,4,ms-os
5,bench,5,60,2,design,off,5,1,26,20,2/21/2015,5,ms-os
6,bench,4,60,2,devops,off,1,1,26,15,2/22/2016,4,ms-os
7,bench,3,50,3,devops,on,3,1,26,15,2/23/2017,3,ms-os
8,bench,2,50,3,devops,off,2,5,25,15,2/24/2018,2,ms-os
9,bench,2,50,4,devops,off,2,1,25,10,2/25/2018,1,ms-os
10,bench,1,30,4,devops,off,2,1,24,10,2/26/2019,1,ms-os
11,bench,10,120,1,domain,on,0,20,28,30,2/17/2010,1,ms-os
12,bench,9,100,2,domain,off,0,15,28,30,2/18/2011,2,ms-os
13,bench,7,60,3,design,off,1,0,27,30,2/19/2013,3,ms-os
14,bench,5,60,3,design,off,3,0,27,20,2/20/2015,4,ms-os
15,bench,5,60,2,design,off,5,1,26,20,2/21/2015,5,ms-os
16,bench,4,60,2,devops,off,1,1,26,15,2/22/2016,4,ms-os
17,bench,3,50,3,devops,on,3,1,26,15,2/23/2017,3,ms-os
18,bench,2,50,3,devops,off,2,5,25,15,2/24/2018,2,ms-os
19,bench,2,50,4,devops,off,2,1,25,10,2/25/2018,1,ms-os
20,bench,1,30,4,devops,off,2,1,24,10,2/26/2019,1,ms-os
21,bench,10,120,1,domain,on,0,20,28,30,2/17/2010,1,fullstacks
22,bench,9,100,2,domain,off,0,15,28,30,2/18/2011,2,fullstack
23,bench,7,60,3,design,off,1,0,27,30,2/19/2013,3,jav-os
24,bench,5,60,3,design,off,3,0,27,20,2/20/2015,4,jav-os
25,bench,5,60,2,design,off,5,1,26,20,2/21/2015,5,jav-os
26,bench,4,60,2,devops,off,1,1,26,15,2/22/2016,4,jav-os
27,bench,3,50,3,devops,on,3,1,26,15,2/23/2017,3,jav-os
28,bench,2,50,3,devops,off,2,5,25,15,2/24/2018,2,jav-os
29,bench,2,50,4,devops,off,2,1,25,10,2/25/2018,1,jav-os
30,bench,1,30,4,devops,off,2,1,24,10,2/26/2019,1,jav-os
31,bench,10,120,1,domain,on,0,20,28,30,2/17/2010,1,jav-os
32,bench,9,100,2,domain,off,0,15,28,30,2/18/2011,2,jav-os
33,bench,7,60,3,design,off,1,0,27,30,2/19/2013,3,jav-os
34,bench,5,60,3,design,off,3,0,27,20,2/20/2015,4,jav-os
35,bench,5,60,2,design,off,5,1,26,20,2/21/2015,5,jav-os
36,bench,4,60,2,devops,off,1,1,26,15,2/22/2016,4,jav-os
37,bench,3,50,3,devops,on,3,1,26,15,2/23/2017,3,jav-os
38,bench,2,50,3,devops,off,2,5,25,15,2/24/2018,2,jav-os
39,bench,2,50,4,devops,off,2,1,25,10,2/25/2018,1,jav-os
40,bench,1,30,4,devops,off,2,1,24,10,2/26/2019,1,jav-os
41,bench,10,120,1,domain,on,0,20,28,30,2/17/2010,1,fullstack
42,bench,9,100,2,domain,off,0,15,28,30,2/18/2011,2,fullstack
43,bench,7,60,3,design,off,1,0,27,30,2/19/2013,3,analytics
44,bench,5,60,3,design,off,3,0,27,20,2/20/2015,4,analytics
45,bench,5,60,2,design,off,5,1,26,20,2/21/2015,5,analytics
46,bench,4,60,2,devops,off,1,1,26,15,2/22/2016,4,analytics
47,bench,3,50,3,devops,on,3,1,26,15,2/23/2017,3,analytics
48,bench,2,50,3,devops,off,2,5,25,15,2/24/2018,2,analytics
49,bench,2,50,4,devops,off,2,1,25,10,2/25/2018,1,analytics
50,bench,1,30,4,devops,off,2,1,24,10,2/26/2019,1,analytics
51,bench,10,120,1,domain,on,0,20,28,30,2/17/2010,1,analytics
52,bench,9,100,2,domain,off,0,15,28,30,2/18/2011,2,analytics
53,bench,7,60,3,design,off,1,0,27,30,2/19/2013,3,analytics
54,bench,5,60,3,design,off,3,0,27,20,2/20/2015,4,analytics
55,bench,5,60,2,design,off,5,1,26,20,2/21/2015,5,analytics
56,bench,4,60,2,devops,off,1,1,26,15,2/22/2016,4,analytics
57,bench,3,50,3,devops,on,3,1,26,15,2/23/2017,3,analytics
58,bench,2,50,3,devops,off,2,5,25,15,2/24/2018,2,analytics
59,bench,2,50,4,devops,off,2,1,25,10,2/25/2018,1,analytics
60,bench,1,30,4,devops,off,2,1,24,10,2/26/2019,1,analytics
61,bench,10,120,1,domain,on,0,20,28,30,2/17/2010,1,fullstack
62,bench,9,100,2,domain,off,0,15,28,30,2/18/2011,2,fullstack
63,bench,7,60,3,design,off,1,0,27,30,2/19/2013,3,mobility
64,bench,5,60,3,design,off,3,0,27,20,2/20/2015,4,mobility
65,bench,5,60,2,design,off,5,1,26,20,2/21/2015,5,mobility
66,bench,4,60,2,devops,off,1,1,26,15,2/22/2016,4,mobility
67,bench,3,50,3,devops,on,3,1,26,15,2/23/2017,3,mobility
68,bench,2,50,3,devops,off,2,5,25,15,2/24/2018,2,mobility
69,bench,2,50,4,devops,off,2,1,25,10,2/25/2018,1,mobility
70,bench,1,30,4,devops,off,2,1,24,10,2/26/2019,1,mobility
71,bench,10,120,1,domain,on,0,20,28,30,2/17/2010,1,mobility
72,bench,9,100,2,domain,off,0,15,28,30,2/18/2011,2,mobility
73,bench,7,60,3,design,off,1,0,27,30,2/19/2013,3,mobility
74,bench,5,60,3,design,off,3,0,27,20,2/20/2015,4,mobility
75,bench,5,60,2,design,off,5,1,26,20,2/21/2015,5,mobility
76,bench,4,60,2,devops,off,1,1,26,15,2/22/2016,4,mobility
77,bench,3,50,3,devops,on,3,1,26,15,2/23/2017,3,mobility
78,bench,2,50,3,devops,off,2,5,25,15,2/24/2018,2,mobility
79,bench,2,50,4,devops,off,2,1,25,10,2/25/2018,1,mobility
80,bench,1,30,4,devops,off,2,1,24,10,2/26/2019,1,mobility
81,bench,10,120,1,domain,on,0,20,28,30,2/17/2010,1,fullstack
82,bench,9,100,2,domain,off,0,15,28,30,2/18/2011,2,fullstack
83,bench,7,60,3,design,off,1,0,27,30,2/19/2013,3,robotics
84,bench,5,60,3,design,off,3,0,27,20,2/20/2015,4,robotics
85,bench,5,60,2,design,off,5,1,26,20,2/21/2015,5,robotics
86,bench,4,60,2,devops,off,1,1,26,15,2/22/2016,4,robotics
87,bench,3,50,3,devops,on,3,1,26,15,2/23/2017,3,robotics
88,bench,2,50,3,devops,off,2,5,25,15,2/24/2018,2,robotics
89,bench,2,50,4,devops,off,2,1,25,10,2/25/2018,1,robotics
90,bench,1,30,4,devops,off,2,1,24,10,2/26/2019,1,robotics
91,bench,10,120,1,domain,on,0,20,28,30,2/17/2010,1,robotics
92,bench,9,100,2,domain,off,0,15,28,30,2/18/2011,2,robotics
93,bench,7,60,3,design,off,1,0,27,30,2/19/2013,3,robotics
94,bench,5,60,3,design,off,3,0,27,20,2/20/2015,4,robotics
95,bench,5,60,2,design,off,5,1,26,20,2/21/2015,5,robotics
96,bench,4,60,2,devops,off,1,1,26,15,2/22/2016,4,robotics
97,bench,3,50,3,devops,on,3,1,26,15,2/23/2017,3,robotics
98,bench,2,50,3,devops,off,2,5,25,15,2/24/2018,2,robotics
99,bench,2,50,4,devops,off,2,1,25,10,2/25/2018,1,robotics
100,bench,1,30,4,devops,off,2,1,24,10,2/26/2019,1,robotics
101,bench,10,120,1,domain,on,0,20,28,30,2/17/2010,1,fullstack
102,bench,9,100,2,domain,off,0,15,28,30,2/18/2011,2,fullstack
103,bench,7,60,3,design,off,1,0,27,30,2/19/2013,3,ms-os
104,bench,5,60,3,design,off,3,0,27,20,2/20/2015,4,ms-os
105,bench,5,60,2,design,off,5,1,26,20,2/21/2015,5,ms-os
106,bench,4,60,2,devops,off,1,1,26,15,2/22/2016,4,ms-os
107,bench,3,50,3,devops,on,3,1,26,15,2/23/2017,3,ms-os
108,bench,2,50,3,devops,off,2,5,25,15,2/24/2018,2,ms-os
109,bench,2,50,4,devops,off,2,1,25,10,2/25/2018,1,ms-os
110,bench,1,30,4,devops,off,2,1,24,10,2/26/2019,1,ms-os
111,bench,10,120,1,domain,on,0,20,28,30,2/17/2010,1,ms-os
112,bench,9,100,2,domain,off,0,15,28,30,2/18/2011,2,ms-os
113,bench,7,60,3,design,off,1,0,27,30,2/19/2013,3,ms-os
114,bench,5,60,3,design,off,3,0,27,20,2/20/2015,4,ms-os
115,bench,5,60,2,design,off,5,1,26,20,2/21/2015,5,ms-os
116,bench,4,60,2,devops,off,1,1,26,15,2/22/2016,4,ms-os
117,bench,3,50,3,devops,on,3,1,26,15,2/23/2017,3,ms-os
118,bench,2,50,3,devops,off,2,5,25,15,2/24/2018,2,ms-os
119,bench,2,50,4,devops,off,2,1,25,10,2/25/2018,1,ms-os
120,bench,1,30,4,devops,off,2,1,24,10,2/26/2019,1,ms-os
121,bench,10,120,1,domain,on,0,20,28,30,2/17/2010,1,fullstack
122,bench,9,100,2,domain,off,0,15,28,30,2/18/2011,2,fullstack
123,bench,7,60,3,design,off,1,0,27,30,2/19/2013,3,jav-os
124,bench,5,60,3,design,off,3,0,27,20,2/20/2015,4,jav-os
125,bench,5,60,2,design,off,5,1,26,20,2/21/2015,5,jav-os
126,bench,4,60,2,devops,off,1,1,26,15,2/22/2016,4,jav-os
127,bench,3,50,3,devops,on,3,1,26,15,2/23/2017,3,jav-os
128,bench,2,50,3,devops,off,2,5,25,15,2/24/2018,2,jav-os
129,bench,2,50,4,devops,off,2,1,25,10,2/25/2018,1,jav-os
130,bench,1,30,4,devops,off,2,1,24,10,2/26/2019,1,jav-os
131,bench,10,120,1,domain,on,0,20,28,30,2/17/2010,1,jav-os
132,bench,9,100,2,domain,off,0,15,28,30,2/18/2011,2,jav-os
133,bench,7,60,3,design,off,1,0,27,30,2/19/2013,3,jav-os
134,bench,5,60,3,design,off,3,0,27,20,2/20/2015,4,jav-os
135,bench,5,60,2,design,off,5,1,26,20,2/21/2015,5,jav-os
136,bench,4,60,2,devops,off,1,1,26,15,2/22/2016,4,jav-os
137,bench,3,50,3,devops,on,3,1,26,15,2/23/2017,3,jav-os
138,bench,2,50,3,devops,off,2,5,25,15,2/24/2018,2,jav-os
139,bench,2,50,4,devops,off,2,1,25,10,2/25/2018,1,jav-os
140,bench,1,30,4,devops,off,2,1,24,10,2/26/2019,1,jav-os
141,bench,10,120,1,domain,on,0,20,28,30,2/17/2010,1,fullstack
142,bench,9,100,2,domain,off,0,15,28,30,2/18/2011,2,fullstack
143,bench,7,60,3,design,off,1,0,27,30,2/19/2013,3,analytics
144,bench,5,60,3,design,off,3,0,27,20,2/20/2015,4,analytics
145,bench,5,60,2,design,off,5,1,26,20,2/21/2015,5,analytics
146,bench,4,60,2,devops,off,1,1,26,15,2/22/2016,4,analytics
147,bench,3,50,3,devops,on,3,1,26,15,2/23/2017,3,analytics
148,bench,2,50,3,devops,off,2,5,25,15,2/24/2018,2,analytics
149,bench,2,50,4,devops,off,2,1,25,10,2/25/2018,1,analytics
150,bench,1,30,4,devops,off,2,1,24,10,2/26/2019,1,analytics
151,bench,10,120,1,domain,on,0,20,28,30,2/17/2010,1,analytics
152,bench,9,100,2,domain,off,0,15,28,30,2/18/2011,2,analytics
153,bench,7,60,3,design,off,1,0,27,30,2/19/2013,3,analytics
154,bench,5,60,3,design,off,3,0,27,20,2/20/2015,4,analytics
155,bench,5,60,2,design,off,5,1,26,20,2/21/2015,5,analytics
156,bench,4,60,2,devops,off,1,1,26,15,2/22/2016,4,analytics
157,bench,3,50,3,devops,on,3,1,26,15,2/23/2017,3,analytics
158,bench,2,50,3,devops,off,2,5,25,15,2/24/2018,2,analytics
159,bench,2,50,4,devops,off,2,1,25,10,2/25/2018,1,analytics
160,bench,1,30,4,devops,off,2,1,24,10,2/26/2019,1,analytics
161,bench,10,120,1,domain,on,0,20,28,30,2/17/2010,1,fullstack
162,bench,9,100,2,domain,off,0,15,28,30,2/18/2011,2,fullstack
163,bench,7,60,3,design,off,1,0,27,30,2/19/2013,3,mobility
164,bench,5,60,3,design,off,3,0,27,20,2/20/2015,4,mobility
165,bench,5,60,2,design,off,5,1,26,20,2/21/2015,5,mobility
166,bench,4,60,2,devops,off,1,1,26,15,2/22/2016,4,mobility
167,bench,3,50,3,devops,on,3,1,26,15,2/23/2017,3,mobility
168,bench,2,50,3,devops,off,2,5,25,15,2/24/2018,2,mobility
169,bench,2,50,4,devops,off,2,1,25,10,2/25/2018,1,mobility
170,bench,1,30,4,devops,off,2,1,24,10,2/26/2019,1,mobility
171,bench,10,120,1,domain,on,0,20,28,30,2/17/2010,1,mobility
172,bench,9,100,2,domain,off,0,15,28,30,2/18/2011,2,mobility
173,bench,7,60,3,design,off,1,0,27,30,2/19/2013,3,mobility
174,bench,5,60,3,design,off,3,0,27,20,2/20/2015,4,mobility
175,bench,5,60,2,design,off,5,1,26,20,2/21/2015,5,mobility
176,bench,4,60,2,devops,off,1,1,26,15,2/22/2016,4,mobility
177,bench,3,50,3,devops,on,3,1,26,15,2/23/2017,3,mobility
178,bench,2,50,3,devops,off,2,5,25,15,2/24/2018,2,mobility
179,bench,2,50,4,devops,off,2,1,25,10,2/25/2018,1,mobility
180,bench,1,30,4,devops,off,2,1,24,10,2/26/2019,1,mobility
181,bench,10,120,1,domain,on,0,20,28,30,2/17/2010,1,fullstack
182,bench,9,100,2,domain,off,0,15,28,30,2/18/2011,2,fullstack
183,bench,7,60,3,design,off,1,0,27,30,2/19/2013,3,robotics
184,bench,5,60,3,design,off,3,0,27,20,2/20/2015,4,robotics
185,bench,5,60,2,design,off,5,1,26,20,2/21/2015,5,robotics
186,bench,4,60,2,devops,off,1,1,26,15,2/22/2016,4,robotics
187,bench,3,50,3,devops,on,3,1,26,15,2/23/2017,3,robotics
188,bench,2,50,3,devops,off,2,5,25,15,2/24/2018,2,robotics
189,bench,2,50,4,devops,off,2,1,25,10,2/25/2018,1,robotics
190,bench,1,30,4,devops,off,2,1,24,10,2/26/2019,1,robotics
191,bench,10,120,1,domain,on,0,20,28,30,2/17/2010,1,robotics
192,bench,9,100,2,domain,off,0,15,28,30,2/18/2011,2,robotics
193,bench,7,60,3,design,off,1,0,27,30,2/19/2013,3,robotics
194,bench,5,60,3,design,off,3,0,27,20,2/20/2015,4,robotics
195,bench,5,60,2,design,off,5,1,26,20,2/21/2015,5,robotics
196,bench,4,60,2,devops,off,1,1,26,15,2/22/2016,4,robotics
197,bench,3,50,3,devops,on,3,1,26,15,2/23/2017,3,robotics
198,bench,2,50,3,devops,off,2,5,25,15,2/24/2018,2,robotics
199,bench,2,50,4,devops,off,2,1,25,10,2/25/2018,1,robotics
200,bench,1,30,4,devops,off,2,1,24,10,2/26/2019,1,robotics
201,bench,10,120,1,domain,on,0,20,28,30,2/17/2010,1,fullstack
202,bench,9,100,2,domain,off,0,15,28,30,2/18/2011,2,fullstack
203,bench,7,60,3,design,off,1,0,27,30,2/19/2013,3,ms-os
204,bench,5,60,3,design,off,3,0,27,20,2/20/2015,4,ms-os
205,bench,5,60,2,design,off,5,1,26,20,2/21/2015,5,ms-os
206,bench,4,60,2,devops,off,1,1,26,15,2/22/2016,4,ms-os
207,bench,3,50,3,devops,on,3,1,26,15,2/23/2017,3,ms-os
208,bench,2,50,3,devops,off,2,5,25,15,2/24/2018,2,ms-os
209,bench,2,50,4,devops,off,2,1,25,10,2/25/2018,1,ms-os
210,bench,1,30,4,devops,off,2,1,24,10,2/26/2019,1,ms-os
211,bench,10,120,1,domain,on,0,20,28,30,2/17/2010,1,ms-os
212,bench,9,100,2,domain,off,0,15,28,30,2/18/2011,2,ms-os
213,bench,7,60,3,design,off,1,0,27,30,2/19/2013,3,ms-os
214,bench,5,60,3,design,off,3,0,27,20,2/20/2015,4,ms-os
215,bench,5,60,2,design,off,5,1,26,20,2/21/2015,5,ms-os
216,bench,4,60,2,devops,off,1,1,26,15,2/22/2016,4,ms-os
217,bench,3,50,3,devops,on,3,1,26,15,2/23/2017,3,ms-os
218,bench,2,50,3,devops,off,2,5,25,15,2/24/2018,2,ms-os
219,bench,2,50,4,devops,off,2,1,25,10,2/25/2018,1,ms-os
220,bench,1,30,4,devops,off,2,1,24,10,2/26/2019,1,ms-os
221,bench,10,120,1,domain,on,0,20,28,30,2/17/2010,1,fullstack
222,bench,9,100,2,domain,off,0,15,28,30,2/18/2011,2,fullstack
223,bench,7,60,3,design,off,1,0,27,30,2/19/2013,3,jav-os
224,bench,5,60,3,design,off,3,0,27,20,2/20/2015,4,jav-os
225,bench,5,60,2,design,off,5,1,26,20,2/21/2015,5,jav-os
226,bench,4,60,2,devops,off,1,1,26,15,2/22/2016,4,jav-os
227,bench,3,50,3,devops,on,3,1,26,15,2/23/2017,3,jav-os
228,bench,2,50,3,devops,off,2,5,25,15,2/24/2018,2,jav-os
229,bench,2,50,4,devops,off,2,1,25,10,2/25/2018,1,jav-os
230,bench,1,30,4,devops,off,2,1,24,10,2/26/2019,1,jav-os
231,bench,10,120,1,domain,on,0,20,28,30,2/17/2010,1,jav-os
232,bench,9,100,2,domain,off,0,15,28,30,2/18/2011,2,jav-os
233,bench,7,60,3,design,off,1,0,27,30,2/19/2013,3,jav-os
234,bench,5,60,3,design,off,3,0,27,20,2/20/2015,4,jav-os
235,bench,5,60,2,design,off,5,1,26,20,2/21/2015,5,jav-os
236,bench,4,60,2,devops,off,1,1,26,15,2/22/2016,4,jav-os
237,bench,3,50,3,devops,on,3,1,26,15,2/23/2017,3,jav-os
238,bench,2,50,3,devops,off,2,5,25,15,2/24/2018,2,jav-os
239,bench,2,50,4,devops,off,2,1,25,10,2/25/2018,1,jav-os
240,bench,1,30,4,devops,off,2,1,24,10,2/26/2019,1,jav-os
241,bench,10,120,1,domain,on,0,20,28,30,2/17/2010,1,fullstack
242,bench,9,100,2,domain,off,0,15,28,30,2/18/2011,2,fullstack
243,bench,7,60,3,design,off,1,0,27,30,2/19/2013,3,analytics
244,bench,5,60,3,design,off,3,0,27,20,2/20/2015,4,analytics
245,bench,5,60,2,design,off,5,1,26,20,2/21/2015,5,analytics
246,bench,4,60,2,devops,off,1,1,26,15,2/22/2016,4,analytics
247,bench,3,50,3,devops,on,3,1,26,15,2/23/2017,3,analytics
248,bench,2,50,3,devops,off,2,5,25,15,2/24/2018,2,analytics
249,bench,2,50,4,devops,off,2,1,25,10,2/25/2018,1,analytics
250,bench,1,30,4,devops,off,2,1,24,10,2/26/2019,1,analytics
251,bench,10,120,1,domain,on,0,20,28,30,2/17/2010,1,analytics
252,bench,9,100,2,domain,off,0,15,28,30,2/18/2011,2,analytics
253,bench,7,60,3,design,off,1,0,27,30,2/19/2013,3,analytics
254,bench,5,60,3,design,off,3,0,27,20,2/20/2015,4,analytics
255,bench,5,60,2,design,off,5,1,26,20,2/21/2015,5,analytics
256,bench,4,60,2,devops,off,1,1,26,15,2/22/2016,4,analytics
257,bench,3,50,3,devops,on,3,1,26,15,2/23/2017,3,analytics
258,bench,2,50,3,devops,off,2,5,25,15,2/24/2018,2,analytics
259,bench,2,50,4,devops,off,2,1,25,10,2/25/2018,1,analytics
260,bench,1,30,4,devops,off,2,1,24,10,2/26/2019,1,analytics
261,bench,10,120,1,domain,on,0,20,28,30,2/17/2010,1,fullstack
262,bench,9,100,2,domain,off,0,15,28,30,2/18/2011,2,fullstack
263,bench,7,60,3,design,off,1,0,27,30,2/19/2013,3,mobility
264,bench,5,60,3,design,off,3,0,27,20,2/20/2015,4,mobility
265,bench,5,60,2,design,off,5,1,26,20,2/21/2015,5,mobility
266,bench,4,60,2,devops,off,1,1,26,15,2/22/2016,4,mobility
267,bench,3,50,3,devops,on,3,1,26,15,2/23/2017,3,mobility
268,bench,2,50,3,devops,off,2,5,25,15,2/24/2018,2,mobility
269,bench,2,50,4,devops,off,2,1,25,10,2/25/2018,1,mobility
270,bench,1,30,4,devops,off,2,1,24,10,2/26/2019,1,mobility
271,bench,10,120,1,domain,on,0,20,28,30,2/17/2010,1,mobility
272,bench,9,100,2,domain,off,0,15,28,30,2/18/2011,2,mobility
273,bench,7,60,3,design,off,1,0,27,30,2/19/2013,3,mobility
274,bench,5,60,3,design,off,3,0,27,20,2/20/2015,4,mobility
275,bench,5,60,2,design,off,5,1,26,20,2/21/2015,5,mobility
276,bench,4,60,2,devops,off,1,1,26,15,2/22/2016,4,mobility
277,bench,3,50,3,devops,on,3,1,26,15,2/23/2017,3,mobility
278,bench,2,50,3,devops,off,2,5,25,15,2/24/2018,2,mobility
279,bench,2,50,4,devops,off,2,1,25,10,2/25/2018,1,mobility
280,bench,1,30,4,devops,off,2,1,24,10,2/26/2019,1,mobility
281,bench,10,120,1,domain,on,0,20,28,30,2/17/2010,1,fullstack
282,bench,9,100,2,domain,off,0,15,28,30,2/18/2011,2,fullstack
283,bench,7,60,3,design,off,1,0,27,30,2/19/2013,3,robotics
284,bench,5,60,3,design,off,3,0,27,20,2/20/2015,4,robotics
285,bench,5,60,2,design,off,5,1,26,20,2/21/2015,5,robotics
286,bench,4,60,2,devops,off,1,1,26,15,2/22/2016,4,robotics
287,bench,3,50,3,devops,on,3,1,26,15,2/23/2017,3,robotics
288,bench,2,50,3,devops,off,2,5,25,15,2/24/2018,2,robotics
289,bench,2,50,4,devops,off,2,1,25,10,2/25/2018,1,robotics
290,bench,1,30,4,devops,off,2,1,24,10,2/26/2019,1,robotics
291,bench,10,120,1,domain,on,0,20,28,30,2/17/2010,1,robotics
292,bench,9,100,2,domain,off,0,15,28,30,2/18/2011,2,robotics
293,bench,7,60,3,design,off,1,0,27,30,2/19/2013,3,robotics
294,bench,5,60,3,design,off,3,0,27,20,2/20/2015,4,robotics
295,bench,5,60,2,design,off,5,1,26,20,2/21/2015,5,robotics
296,bench,4,60,2,devops,off,1,1,26,15,2/22/2016,4,robotics
297,bench,3,50,3,devops,on,3,1,26,15,2/23/2017,3,robotics
298,bench,2,50,3,devops,off,2,5,25,15,2/24/2018,2,robotics
299,bench,2,50,4,devops,off,2,1,25,10,2/25/2018,1,robotics
300,bench,1,30,4,devops,off,2,1,24,10,2/26/2019,1,robotics
301,bench,10,120,1,domain,on,0,20,28,30,2/17/2010,1,fullstack
302,bench,9,100,2,domain,off,0,15,28,30,2/18/2011,2,fullstack
303,bench,7,60,3,design,off,1,0,27,30,2/19/2013,3,ms-os
304,bench,5,60,3,design,off,3,0,27,20,2/20/2015,4,ms-os
305,bench,5,60,2,design,off,5,1,26,20,2/21/2015,5,ms-os
306,bench,4,60,2,devops,off,1,1,26,15,2/22/2016,4,ms-os
307,bench,3,50,3,devops,on,3,1,26,15,2/23/2017,3,ms-os
308,bench,2,50,3,devops,off,2,5,25,15,2/24/2018,2,ms-os
309,bench,2,50,4,devops,off,2,1,25,10,2/25/2018,1,ms-os
310,bench,1,30,4,devops,off,2,1,24,10,2/26/2019,1,ms-os
311,bench,10,120,1,domain,on,0,20,28,30,2/17/2010,1,ms-os
312,bench,9,100,2,domain,off,0,15,28,30,2/18/2011,2,ms-os
313,bench,7,60,3,design,off,1,0,27,30,2/19/2013,3,ms-os
314,bench,5,60,3,design,off,3,0,27,20,2/20/2015,4,ms-os
315,bench,5,60,2,design,off,5,1,26,20,2/21/2015,5,ms-os
316,bench,4,60,2,devops,off,1,1,26,15,2/22/2016,4,ms-os
317,bench,3,50,3,devops,on,3,1,26,15,2/23/2017,3,ms-os
318,bench,2,50,3,devops,off,2,5,25,15,2/24/2018,2,ms-os
319,bench,2,50,4,devops,off,2,1,25,10,2/25/2018,1,ms-os
320,bench,1,30,4,devops,off,2,1,24,10,2/26/2019,1,ms-os
321,bench,10,120,1,domain,on,0,20,28,30,2/17/2010,1,fullstack
322,bench,9,100,2,domain,off,0,15,28,30,2/18/2011,2,fullstack
323,bench,7,60,3,design,off,1,0,27,30,2/19/2013,3,jav-os
324,bench,5,60,3,design,off,3,0,27,20,2/20/2015,4,jav-os
325,bench,5,60,2,design,off,5,1,26,20,2/21/2015,5,jav-os
326,bench,4,60,2,devops,off,1,1,26,15,2/22/2016,4,jav-os
327,bench,3,50,3,devops,on,3,1,26,15,2/23/2017,3,jav-os
328,bench,2,50,3,devops,off,2,5,25,15,2/24/2018,2,jav-os
329,bench,2,50,4,devops,off,2,1,25,10,2/25/2018,1,jav-os
330,bench,1,30,4,devops,off,2,1,24,10,2/26/2019,1,jav-os
331,bench,10,120,1,domain,on,0,20,28,30,2/17/2010,1,jav-os
332,bench,9,100,2,domain,off,0,15,28,30,2/18/2011,2,jav-os
333,bench,7,60,3,design,off,1,0,27,30,2/19/2013,3,jav-os
334,bench,5,60,3,design,off,3,0,27,20,2/20/2015,4,jav-os
335,bench,5,60,2,design,off,5,1,26,20,2/21/2015,5,jav-os
336,bench,4,60,2,devops,off,1,1,26,15,2/22/2016,4,jav-os
337,bench,3,50,3,devops,on,3,1,26,15,2/23/2017,3,jav-os
338,bench,2,50,3,devops,off,2,5,25,15,2/24/2018,2,jav-os
339,bench,2,50,4,devops,off,2,1,25,10,2/25/2018,1,jav-os
340,bench,1,30,4,devops,off,2,1,24,10,2/26/2019,1,jav-os
341,bench,10,120,1,domain,on,0,20,28,30,2/17/2010,1,fullstack
342,bench,9,100,2,domain,off,0,15,28,30,2/18/2011,2,fullstack
343,bench,7,60,3,design,off,1,0,27,30,2/19/2013,3,analytics
344,bench,5,60,3,design,off,3,0,27,20,2/20/2015,4,analytics
345,bench,5,60,2,design,off,5,1,26,20,2/21/2015,5,analytics
346,bench,4,60,2,devops,off,1,1,26,15,2/22/2016,4,analytics
347,bench,3,50,3,devops,on,3,1,26,15,2/23/2017,3,analytics
348,bench,2,50,3,devops,off,2,5,25,15,2/24/2018,2,analytics
349,bench,2,50,4,devops,off,2,1,25,10,2/25/2018,1,analytics
350,bench,1,30,4,devops,off,2,1,24,10,2/26/2019,1,analytics
351,bench,10,120,1,domain,on,0,20,28,30,2/17/2010,1,analytics
352,bench,9,100,2,domain,off,0,15,28,30,2/18/2011,2,analytics
353,bench,7,60,3,design,off,1,0,27,30,2/19/2013,3,analytics
354,bench,5,60,3,design,off,3,0,27,20,2/20/2015,4,analytics
355,bench,5,60,2,design,off,5,1,26,20,2/21/2015,5,analytics
356,bench,4,60,2,devops,off,1,1,26,15,2/22/2016,4,analytics
357,bench,3,50,3,devops,on,3,1,26,15,2/23/2017,3,analytics
358,bench,2,50,3,devops,off,2,5,25,15,2/24/2018,2,analytics
359,bench,2,50,4,devops,off,2,1,25,10,2/25/2018,1,analytics
360,bench,1,30,4,devops,off,2,1,24,10,2/26/2019,1,analytics
361,bench,10,120,1,domain,on,0,20,28,30,2/17/2010,1,fullstack
362,bench,9,100,2,domain,off,0,15,28,30,2/18/2011,2,fullstack
363,bench,7,60,3,design,off,1,0,27,30,2/19/2013,3,mobility
364,bench,5,60,3,design,off,3,0,27,20,2/20/2015,4,mobility
365,bench,5,60,2,design,off,5,1,26,20,2/21/2015,5,mobility
366,bench,4,60,2,devops,off,1,1,26,15,2/22/2016,4,mobility
367,bench,3,50,3,devops,on,3,1,26,15,2/23/2017,3,mobility
368,bench,2,50,3,devops,off,2,5,25,15,2/24/2018,2,mobility
369,bench,2,50,4,devops,off,2,1,25,10,2/25/2018,1,mobility
370,bench,1,30,4,devops,off,2,1,24,10,2/26/2019,1,mobility
371,bench,10,120,1,domain,on,0,20,28,30,2/17/2010,1,mobility
372,bench,9,100,2,domain,off,0,15,28,30,2/18/2011,2,mobility
373,bench,7,60,3,design,off,1,0,27,30,2/19/2013,3,mobility
374,bench,5,60,3,design,off,3,0,27,20,2/20/2015,4,mobility
375,bench,5,60,2,design,off,5,1,26,20,2/21/2015,5,mobility
376,bench,4,60,2,devops,off,1,1,26,15,2/22/2016,4,mobility
377,bench,3,50,3,devops,on,3,1,26,15,2/23/2017,3,mobility
378,bench,2,50,3,devops,off,2,5,25,15,2/24/2018,2,mobility
379,bench,2,50,4,devops,off,2,1,25,10,2/25/2018,1,mobility
380,bench,1,30,4,devops,off,2,1,24,10,2/26/2019,1,mobility
381,bench,10,120,1,domain,on,0,20,28,30,2/17/2010,1,fullstack
382,bench,9,100,2,domain,off,0,15,28,30,2/18/2011,2,fullstack
383,bench,7,60,3,design,off,1,0,27,30,2/19/2013,3,robotics
384,bench,5,60,3,design,off,3,0,27,20,2/20/2015,4,robotics
385,bench,5,60,2,design,off,5,1,26,20,2/21/2015,5,robotics
386,bench,4,60,2,devops,off,1,1,26,15,2/22/2016,4,robotics
387,bench,3,50,3,devops,on,3,1,26,15,2/23/2017,3,robotics
388,bench,2,50,3,devops,off,2,5,25,15,2/24/2018,2,robotics
389,bench,2,50,4,devops,off,2,1,25,10,2/25/2018,1,robotics
390,bench,1,30,4,devops,off,2,1,24,10,2/26/2019,1,robotics
391,bench,10,120,1,domain,on,0,20,28,30,2/17/2010,1,robotics
392,bench,9,100,2,domain,off,0,15,28,30,2/18/2011,2,robotics
393,bench,7,60,3,design,off,1,0,27,30,2/19/2013,3,robotics
394,bench,5,60,3,design,off,3,0,27,20,2/20/2015,4,robotics
395,bench,5,60,2,design,off,5,1,26,20,2/21/2015,5,robotics
396,bench,4,60,2,devops,off,1,1,26,15,2/22/2016,4,robotics
397,bench,3,50,3,devops,on,3,1,26,15,2/23/2017,3,robotics
398,bench,2,50,3,devops,off,2,5,25,15,2/24/2018,2,robotics
399,bench,2,50,4,devops,off,2,1,25,10,2/25/2018,1,robotics
400,bench,1,30,4,devops,off,2,1,24,10,2/26/2019,1,robotics
401,bench,10,120,1,domain,on,0,20,28,30,2/17/2010,1,fullstack
402,bench,9,100,2,domain,off,0,15,28,30,2/18/2011,2,fullstack
403,bench,7,60,3,design,off,1,0,27,30,2/19/2013,3,ms-os
404,bench,5,60,3,design,off,3,0,27,20,2/20/2015,4,ms-os
405,bench,5,60,2,design,off,5,1,26,20,2/21/2015,5,ms-os
406,bench,4,60,2,devops,off,1,1,26,15,2/22/2016,4,ms-os
407,bench,3,50,3,devops,on,3,1,26,15,2/23/2017,3,ms-os
408,bench,2,50,3,devops,off,2,5,25,15,2/24/2018,2,ms-os
409,bench,2,50,4,devops,off,2,1,25,10,2/25/2018,1,ms-os
410,bench,1,30,4,devops,off,2,1,24,10,2/26/2019,1,ms-os
411,bench,10,120,1,domain,on,0,20,28,30,2/17/2010,1,ms-os
412,bench,9,100,2,domain,off,0,15,28,30,2/18/2011,2,ms-os
413,bench,7,60,3,design,off,1,0,27,30,2/19/2013,3,ms-os
414,bench,5,60,3,design,off,3,0,27,20,2/20/2015,4,ms-os
415,bench,5,60,2,design,off,5,1,26,20,2/21/2015,5,ms-os
416,bench,4,60,2,devops,off,1,1,26,15,2/22/2016,4,ms-os
417,bench,3,50,3,devops,on,3,1,26,15,2/23/2017,3,ms-os
418,bench,2,50,3,devops,off,2,5,25,15,2/24/2018,2,ms-os
419,bench,2,50,4,devops,off,2,1,25,10,2/25/2018,1,ms-os
420,bench,1,30,4,devops,off,2,1,24,10,2/26/2019,1,ms-os
421,bench,10,120,1,domain,on,0,20,28,30,2/17/2010,1,fullstack
422,bench,9,100,2,domain,off,0,15,28,30,2/18/2011,2,fullstack
423,bench,7,60,3,design,off,1,0,27,30,2/19/2013,3,jav-os
424,bench,5,60,3,design,off,3,0,27,20,2/20/2015,4,jav-os
425,bench,5,60,2,design,off,5,1,26,20,2/21/2015,5,jav-os
426,bench,4,60,2,devops,off,1,1,26,15,2/22/2016,4,jav-os
427,bench,3,50,3,devops,on,3,1,26,15,2/23/2017,3,jav-os
428,bench,2,50,3,devops,off,2,5,25,15,2/24/2018,2,jav-os
429,bench,2,50,4,devops,off,2,1,25,10,2/25/2018,1,jav-os
430,bench,1,30,4,devops,off,2,1,24,10,2/26/2019,1,jav-os
431,bench,10,120,1,domain,on,0,20,28,30,2/17/2010,1,jav-os
432,bench,9,100,2,domain,off,0,15,28,30,2/18/2011,2,jav-os
433,bench,7,60,3,design,off,1,0,27,30,2/19/2013,3,jav-os
434,bench,5,60,3,design,off,3,0,27,20,2/20/2015,4,jav-os
435,bench,5,60,2,design,off,5,1,26,20,2/21/2015,5,jav-os
436,bench,4,60,2,devops,off,1,1,26,15,2/22/2016,4,jav-os
437,bench,3,50,3,devops,on,3,1,26,15,2/23/2017,3,jav-os
438,bench,2,50,3,devops,off,2,5,25,15,2/24/2018,2,jav-os
439,bench,2,50,4,devops,off,2,1,25,10,2/25/2018,1,jav-os
440,bench,1,30,4,devops,off,2,1,24,10,2/26/2019,1,jav-os
441,bench,10,120,1,domain,on,0,20,28,30,2/17/2010,1,fullstack
442,bench,9,100,2,domain,off,0,15,28,30,2/18/2011,2,fullstack
443,bench,7,60,3,design,off,1,0,27,30,2/19/2013,3,analytics
444,bench,5,60,3,design,off,3,0,27,20,2/20/2015,4,analytics
445,bench,5,60,2,design,off,5,1,26,20,2/21/2015,5,analytics
446,bench,4,60,2,devops,off,1,1,26,15,2/22/2016,4,analytics
447,bench,3,50,3,devops,on,3,1,26,15,2/23/2017,3,analytics
448,bench,2,50,3,devops,off,2,5,25,15,2/24/2018,2,analytics
449,bench,2,50,4,devops,off,2,1,25,10,2/25/2018,1,analytics
450,bench,1,30,4,devops,off,2,1,24,10,2/26/2019,1,analytics
451,bench,10,120,1,domain,on,0,20,28,30,2/17/2010,1,analytics
452,bench,9,100,2,domain,off,0,15,28,30,2/18/2011,2,analytics
453,bench,7,60,3,design,off,1,0,27,30,2/19/2013,3,analytics
454,bench,5,60,3,design,off,3,0,27,20,2/20/2015,4,analytics
455,bench,5,60,2,design,off,5,1,26,20,2/21/2015,5,analytics
456,bench,4,60,2,devops,off,1,1,26,15,2/22/2016,4,analytics
457,bench,3,50,3,devops,on,3,1,26,15,2/23/2017,3,analytics
458,bench,2,50,3,devops,off,2,5,25,15,2/24/2018,2,analytics
459,bench,2,50,4,devops,off,2,1,25,10,2/25/2018,1,analytics
460,bench,1,30,4,devops,off,2,1,24,10,2/26/2019,1,analytics
461,bench,10,120,1,domain,on,0,20,28,30,2/17/2010,1,fullstack
462,bench,9,100,2,domain,off,0,15,28,30,2/18/2011,2,fullstack
463,bench,7,60,3,design,off,1,0,27,30,2/19/2013,3,mobility
464,bench,5,60,3,design,off,3,0,27,20,2/20/2015,4,mobility
465,bench,5,60,2,design,off,5,1,26,20,2/21/2015,5,mobility
466,bench,4,60,2,devops,off,1,1,26,15,2/22/2016,4,mobility
467,bench,3,50,3,devops,on,3,1,26,15,2/23/2017,3,mobility
468,bench,2,50,3,devops,off,2,5,25,15,2/24/2018,2,mobility
469,bench,2,50,4,devops,off,2,1,25,10,2/25/2018,1,mobility
470,bench,1,30,4,devops,off,2,1,24,10,2/26/2019,1,mobility
471,bench,10,120,1,domain,on,0,20,28,30,2/17/2010,1,mobility
472,bench,9,100,2,domain,off,0,15,28,30,2/18/2011,2,mobility
473,bench,7,60,3,design,off,1,0,27,30,2/19/2013,3,mobility
474,bench,5,60,3,design,off,3,0,27,20,2/20/2015,4,mobility
475,bench,5,60,2,design,off,5,1,26,20,2/21/2015,5,mobility
476,bench,4,60,2,devops,off,1,1,26,15,2/22/2016,4,mobility
477,bench,3,50,3,devops,on,3,1,26,15,2/23/2017,3,mobility
478,bench,2,50,3,devops,off,2,5,25,15,2/24/2018,2,mobility
479,bench,2,50,4,devops,off,2,1,25,10,2/25/2018,1,mobility
480,bench,1,30,4,devops,off,2,1,24,10,2/26/2019,1,mobility
481,bench,10,120,1,domain,on,0,20,28,30,2/17/2010,1,fullstack
482,bench,9,100,2,domain,off,0,15,28,30,2/18/2011,2,fullstack
483,bench,7,60,3,design,off,1,0,27,30,2/19/2013,3,robotics
484,bench,5,60,3,design,off,3,0,27,20,2/20/2015,4,robotics
485,bench,5,60,2,design,off,5,1,26,20,2/21/2015,5,robotics
486,bench,4,60,2,devops,off,1,1,26,15,2/22/2016,4,robotics
487,bench,3,50,3,devops,on,3,1,26,15,2/23/2017,3,robotics
488,bench,2,50,3,devops,off,2,5,25,15,2/24/2018,2,robotics
489,bench,2,50,4,devops,off,2,1,25,10,2/25/2018,1,robotics
490,bench,1,30,4,devops,off,2,1,24,10,2/26/2019,1,robotics
491,bench,10,120,1,domain,on,0,20,28,30,2/17/2010,1,robotics
492,bench,9,100,2,domain,off,0,15,28,30,2/18/2011,2,robotics
493,bench,7,60,3,design,off,1,0,27,30,2/19/2013,3,robotics
494,bench,5,60,3,design,off,3,0,27,20,2/20/2015,4,robotics
495,bench,5,60,2,design,off,5,1,26,20,2/21/2015,5,robotics
496,bench,4,60,2,devops,off,1,1,26,15,2/22/2016,4,robotics
497,bench,3,50,3,devops,on,3,1,26,15,2/23/2017,3,robotics
498,bench,2,50,3,devops,off,2,5,25,15,2/24/2018,2,robotics
499,bench,2,50,4,devops,off,2,1,25,10,2/25/2018,1,robotics
500,bench,1,30,4,devops,off,2,1,24,10,2/26/2019,1,robotics
501,bench,10,120,1,domain,on,0,20,28,30,2/17/2010,1,fullstack
502,bench,9,100,2,domain,off,0,15,28,30,2/18/2011,2,fullstack
503,bench,7,60,3,design,off,1,0,27,30,2/19/2013,3,ms-os
504,bench,5,60,3,design,off,3,0,27,20,2/20/2015,4,ms-os
505,bench,5,60,2,design,off,5,1,26,20,2/21/2015,5,ms-os
506,bench,4,60,2,devops,off,1,1,26,15,2/22/2016,4,ms-os
507,bench,3,50,3,devops,on,3,1,26,15,2/23/2017,3,ms-os
508,bench,2,50,3,devops,off,2,5,25,15,2/24/2018,2,ms-os
509,bench,2,50,4,devops,off,2,1,25,10,2/25/2018,1,ms-os
510,bench,1,30,4,devops,off,2,1,24,10,2/26/2019,1,ms-os
511,bench,10,120,1,domain,on,0,20,28,30,2/17/2010,1,ms-os
512,bench,9,100,2,domain,off,0,15,28,30,2/18/2011,2,ms-os
513,bench,7,60,3,design,off,1,0,27,30,2/19/2013,3,ms-os
514,bench,5,60,3,design,off,3,0,27,20,2/20/2015,4,ms-os
515,bench,5,60,2,design,off,5,1,26,20,2/21/2015,5,ms-os
516,bench,4,60,2,devops,off,1,1,26,15,2/22/2016,4,ms-os
517,bench,3,50,3,devops,on,3,1,26,15,2/23/2017,3,ms-os
518,bench,2,50,3,devops,off,2,5,25,15,2/24/2018,2,ms-os
519,bench,2,50,4,devops,off,2,1,25,10,2/25/2018,1,ms-os
520,bench,1,30,4,devops,off,2,1,24,10,2/26/2019,1,ms-os
521,bench,10,120,1,domain,on,0,20,28,30,2/17/2010,1,fullstack
522,bench,9,100,2,domain,off,0,15,28,30,2/18/2011,2,fullstack
523,bench,7,60,3,design,off,1,0,27,30,2/19/2013,3,jav-os
524,bench,5,60,3,design,off,3,0,27,20,2/20/2015,4,jav-os
525,bench,5,60,2,design,off,5,1,26,20,2/21/2015,5,jav-os
526,bench,4,60,2,devops,off,1,1,26,15,2/22/2016,4,jav-os
527,bench,3,50,3,devops,on,3,1,26,15,2/23/2017,3,jav-os
528,bench,2,50,3,devops,off,2,5,25,15,2/24/2018,2,jav-os
529,bench,2,50,4,devops,off,2,1,25,10,2/25/2018,1,jav-os
530,bench,1,30,4,devops,off,2,1,24,10,2/26/2019,1,jav-os
531,bench,10,120,1,domain,on,0,20,28,30,2/17/2010,1,jav-os
532,bench,9,100,2,domain,off,0,15,28,30,2/18/2011,2,jav-os
533,bench,7,60,3,design,off,1,0,27,30,2/19/2013,3,jav-os
534,bench,5,60,3,design,off,3,0,27,20,2/20/2015,4,jav-os
535,bench,5,60,2,design,off,5,1,26,20,2/21/2015,5,jav-os
536,bench,4,60,2,devops,off,1,1,26,15,2/22/2016,4,jav-os
537,bench,3,50,3,devops,on,3,1,26,15,2/23/2017,3,jav-os
538,bench,2,50,3,devops,off,2,5,25,15,2/24/2018,2,jav-os
539,bench,2,50,4,devops,off,2,1,25,10,2/25/2018,1,jav-os
540,bench,1,30,4,devops,off,2,1,24,10,2/26/2019,1,jav-os
541,bench,10,120,1,domain,on,0,20,28,30,2/17/2010,1,fullstack
542,bench,9,100,2,domain,off,0,15,28,30,2/18/2011,2,fullstack
543,bench,7,60,3,design,off,1,0,27,30,2/19/2013,3,analytics
544,bench,5,60,3,design,off,3,0,27,20,2/20/2015,4,analytics
545,bench,5,60,2,design,off,5,1,26,20,2/21/2015,5,analytics
546,bench,4,60,2,devops,off,1,1,26,15,2/22/2016,4,analytics
547,bench,3,50,3,devops,on,3,1,26,15,2/23/2017,3,analytics
548,bench,2,50,3,devops,off,2,5,25,15,2/24/2018,2,analytics
549,bench,2,50,4,devops,off,2,1,25,10,2/25/2018,1,analytics
550,bench,1,30,4,devops,off,2,1,24,10,2/26/2019,1,analytics
551,bench,10,120,1,domain,on,0,20,28,30,2/17/2010,1,analytics
552,bench,9,100,2,domain,off,0,15,28,30,2/18/2011,2,analytics
553,bench,7,60,3,design,off,1,0,27,30,2/19/2013,3,analytics
554,bench,5,60,3,design,off,3,0,27,20,2/20/2015,4,analytics
555,bench,5,60,2,design,off,5,1,26,20,2/21/2015,5,analytics
556,bench,4,60,2,devops,off,1,1,26,15,2/22/2016,4,analytics
557,bench,3,50,3,devops,on,3,1,26,15,2/23/2017,3,analytics
558,bench,2,50,3,devops,off,2,5,25,15,2/24/2018,2,analytics
559,bench,2,50,4,devops,off,2,1,25,10,2/25/2018,1,analytics
560,bench,1,30,4,devops,off,2,1,24,10,2/26/2019,1,analytics
561,bench,10,120,1,domain,on,0,20,28,30,2/17/2010,1,fullstack
562,bench,9,100,2,domain,off,0,15,28,30,2/18/2011,2,fullstack
563,bench,7,60,3,design,off,1,0,27,30,2/19/2013,3,mobility
564,bench,5,60,3,design,off,3,0,27,20,2/20/2015,4,mobility
565,bench,5,60,2,design,off,5,1,26,20,2/21/2015,5,mobility
566,bench,4,60,2,devops,off,1,1,26,15,2/22/2016,4,mobility
567,bench,3,50,3,devops,on,3,1,26,15,2/23/2017,3,mobility
568,bench,2,50,3,devops,off,2,5,25,15,2/24/2018,2,mobility
569,bench,2,50,4,devops,off,2,1,25,10,2/25/2018,1,mobility
570,bench,1,30,4,devops,off,2,1,24,10,2/26/2019,1,mobility
571,bench,10,120,1,domain,on,0,20,28,30,2/17/2010,1,mobility
572,bench,9,100,2,domain,off,0,15,28,30,2/18/2011,2,mobility
573,bench,7,60,3,design,off,1,0,27,30,2/19/2013,3,mobility
574,bench,5,60,3,design,off,3,0,27,20,2/20/2015,4,mobility
575,bench,5,60,2,design,off,5,1,26,20,2/21/2015,5,mobility
576,bench,4,60,2,devops,off,1,1,26,15,2/22/2016,4,mobility
577,bench,3,50,3,devops,on,3,1,26,15,2/23/2017,3,mobility
578,bench,2,50,3,devops,off,2,5,25,15,2/24/2018,2,mobility
579,bench,2,50,4,devops,off,2,1,25,10,2/25/2018,1,mobility
580,bench,1,30,4,devops,off,2,1,24,10,2/26/2019,1,mobility
581,bench,10,120,1,domain,on,0,20,28,30,2/17/2010,1,fullstack
582,bench,9,100,2,domain,off,0,15,28,30,2/18/2011,2,fullstack
583,bench,7,60,3,design,off,1,0,27,30,2/19/2013,3,robotics
584,bench,5,60,3,design,off,3,0,27,20,2/20/2015,4,robotics
585,bench,5,60,2,design,off,5,1,26,20,2/21/2015,5,robotics
586,bench,4,60,2,devops,off,1,1,26,15,2/22/2016,4,robotics
587,bench,3,50,3,devops,on,3,1,26,15,2/23/2017,3,robotics
588,bench,2,50,3,devops,off,2,5,25,15,2/24/2018,2,robotics
589,bench,2,50,4,devops,off,2,1,25,10,2/25/2018,1,robotics
590,bench,1,30,4,devops,off,2,1,24,10,2/26/2019,1,robotics
591,bench,10,120,1,domain,on,0,20,28,30,2/17/2010,1,robotics
592,bench,9,100,2,domain,off,0,15,28,30,2/18/2011,2,robotics
593,bench,7,60,3,design,off,1,0,27,30,2/19/2013,3,robotics
594,bench,5,60,3,design,off,3,0,27,20,2/20/2015,4,robotics
595,bench,5,60,2,design,off,5,1,26,20,2/21/2015,5,robotics
596,bench,4,60,2,devops,off,1,1,26,15,2/22/2016,4,robotics
597,bench,3,50,3,devops,on,3,1,26,15,2/23/2017,3,robotics
598,bench,2,50,3,devops,off,2,5,25,15,2/24/2018,2,robotics
599,bench,2,50,4,devops,off,2,1,25,10,2/25/2018,1,robotics
600,bench,1,30,4,devops,off,2,1,24,10,2/26/2019,1,robotics
601,bench,10,120,1,domain,on,0,20,28,30,2/17/2010,1,fullstack
602,bench,9,100,2,domain,off,0,15,28,30,2/18/2011,2,fullstack
603,bench,7,60,3,design,off,1,0,27,30,2/19/2013,3,ms-os
604,bench,5,60,3,design,off,3,0,27,20,2/20/2015,4,ms-os
605,bench,5,60,2,design,off,5,1,26,20,2/21/2015,5,ms-os
606,bench,4,60,2,devops,off,1,1,26,15,2/22/2016,4,ms-os
607,bench,3,50,3,devops,on,3,1,26,15,2/23/2017,3,ms-os
608,bench,2,50,3,devops,off,2,5,25,15,2/24/2018,2,ms-os
609,bench,2,50,4,devops,off,2,1,25,10,2/25/2018,1,ms-os
610,bench,1,30,4,devops,off,2,1,24,10,2/26/2019,1,ms-os
611,bench,10,120,1,domain,on,0,20,28,30,2/17/2010,1,ms-os
612,bench,9,100,2,domain,off,0,15,28,30,2/18/2011,2,ms-os
613,bench,7,60,3,design,off,1,0,27,30,2/19/2013,3,ms-os
614,bench,5,60,3,design,off,3,0,27,20,2/20/2015,4,ms-os
615,bench,5,60,2,design,off,5,1,26,20,2/21/2015,5,ms-os
616,bench,4,60,2,devops,off,1,1,26,15,2/22/2016,4,ms-os
617,bench,3,50,3,devops,on,3,1,26,15,2/23/2017,3,ms-os
618,bench,2,50,3,devops,off,2,5,25,15,2/24/2018,2,ms-os
619,bench,2,50,4,devops,off,2,1,25,10,2/25/2018,1,ms-os
620,bench,1,30,4,devops,off,2,1,24,10,2/26/2019,1,ms-os
621,bench,10,120,1,domain,on,0,20,28,30,2/17/2010,1,fullstack
622,bench,9,100,2,domain,off,0,15,28,30,2/18/2011,2,fullstack
623,bench,7,60,3,design,off,1,0,27,30,2/19/2013,3,jav-os
624,bench,5,60,3,design,off,3,0,27,20,2/20/2015,4,jav-os
625,bench,5,60,2,design,off,5,1,26,20,2/21/2015,5,jav-os
626,bench,4,60,2,devops,off,1,1,26,15,2/22/2016,4,jav-os
627,bench,3,50,3,devops,on,3,1,26,15,2/23/2017,3,jav-os
628,bench,2,50,3,devops,off,2,5,25,15,2/24/2018,2,jav-os
629,bench,2,50,4,devops,off,2,1,25,10,2/25/2018,1,jav-os
630,bench,1,30,4,devops,off,2,1,24,10,2/26/2019,1,jav-os
631,bench,10,120,1,domain,on,0,20,28,30,2/17/2010,1,jav-os
632,bench,9,100,2,domain,off,0,15,28,30,2/18/2011,2,jav-os
633,bench,7,60,3,design,off,1,0,27,30,2/19/2013,3,jav-os
634,bench,5,60,3,design,off,3,0,27,20,2/20/2015,4,jav-os
635,bench,5,60,2,design,off,5,1,26,20,2/21/2015,5,jav-os
636,bench,4,60,2,devops,off,1,1,26,15,2/22/2016,4,jav-os
637,bench,3,50,3,devops,on,3,1,26,15,2/23/2017,3,jav-os
638,bench,2,50,3,devops,off,2,5,25,15,2/24/2018,2,jav-os
639,bench,2,50,4,devops,off,2,1,25,10,2/25/2018,1,jav-os
640,bench,1,30,4,devops,off,2,1,24,10,2/26/2019,1,jav-os
641,bench,10,120,1,domain,on,0,20,28,30,2/17/2010,1,fullstack
642,bench,9,100,2,domain,off,0,15,28,30,2/18/2011,2,fullstack
643,bench,7,60,3,design,off,1,0,27,30,2/19/2013,3,analytics
644,bench,5,60,3,design,off,3,0,27,20,2/20/2015,4,analytics
645,bench,5,60,2,design,off,5,1,26,20,2/21/2015,5,analytics
646,bench,4,60,2,devops,off,1,1,26,15,2/22/2016,4,analytics
647,bench,3,50,3,devops,on,3,1,26,15,2/23/2017,3,analytics
648,bench,2,50,3,devops,off,2,5,25,15,2/24/2018,2,analytics
649,bench,2,50,4,devops,off,2,1,25,10,2/25/2018,1,analytics
650,bench,1,30,4,devops,off,2,1,24,10,2/26/2019,1,analytics
651,bench,10,120,1,domain,on,0,20,28,30,2/17/2010,1,analytics
652,bench,9,100,2,domain,off,0,15,28,30,2/18/2011,2,analytics
653,bench,7,60,3,design,off,1,0,27,30,2/19/2013,3,analytics
654,bench,5,60,3,design,off,3,0,27,20,2/20/2015,4,analytics
655,bench,5,60,2,design,off,5,1,26,20,2/21/2015,5,analytics
656,bench,4,60,2,devops,off,1,1,26,15,2/22/2016,4,analytics
657,bench,3,50,3,devops,on,3,1,26,15,2/23/2017,3,analytics
658,bench,2,50,3,devops,off,2,5,25,15,2/24/2018,2,analytics
659,bench,2,50,4,devops,off,2,1,25,10,2/25/2018,1,analytics
660,bench,1,30,4,devops,off,2,1,24,10,2/26/2019,1,analytics
661,bench,10,120,1,domain,on,0,20,28,30,2/17/2010,1,fullstack
662,bench,9,100,2,domain,off,0,15,28,30,2/18/2011,2,fullstack
663,bench,7,60,3,design,off,1,0,27,30,2/19/2013,3,mobility
664,bench,5,60,3,design,off,3,0,27,20,2/20/2015,4,mobility
665,bench,5,60,2,design,off,5,1,26,20,2/21/2015,5,mobility
666,bench,4,60,2,devops,off,1,1,26,15,2/22/2016,4,mobility
667,bench,3,50,3,devops,on,3,1,26,15,2/23/2017,3,mobility
668,bench,2,50,3,devops,off,2,5,25,15,2/24/2018,2,mobility
669,bench,2,50,4,devops,off,2,1,25,10,2/25/2018,1,mobility
670,bench,1,30,4,devops,off,2,1,24,10,2/26/2019,1,mobility
671,bench,10,120,1,domain,on,0,20,28,30,2/17/2010,1,mobility
672,bench,9,100,2,domain,off,0,15,28,30,2/18/2011,2,mobility
673,bench,7,60,3,design,off,1,0,27,30,2/19/2013,3,mobility
674,bench,5,60,3,design,off,3,0,27,20,2/20/2015,4,mobility
675,bench,5,60,2,design,off,5,1,26,20,2/21/2015,5,mobility
676,bench,4,60,2,devops,off,1,1,26,15,2/22/2016,4,mobility
677,bench,3,50,3,devops,on,3,1,26,15,2/23/2017,3,mobility
678,bench,2,50,3,devops,off,2,5,25,15,2/24/2018,2,mobility
679,bench,2,50,4,devops,off,2,1,25,10,2/25/2018,1,mobility
680,bench,1,30,4,devops,off,2,1,24,10,2/26/2019,1,mobility
681,bench,10,120,1,domain,on,0,20,28,30,2/17/2010,1,fullstack
682,bench,9,100,2,domain,off,0,15,28,30,2/18/2011,2,fullstack
683,bench,7,60,3,design,off,1,0,27,30,2/19/2013,3,robotics
684,bench,5,60,3,design,off,3,0,27,20,2/20/2015,4,robotics
685,bench,5,60,2,design,off,5,1,26,20,2/21/2015,5,robotics
686,bench,4,60,2,devops,off,1,1,26,15,2/22/2016,4,robotics
687,bench,3,50,3,devops,on,3,1,26,15,2/23/2017,3,robotics
688,bench,2,50,3,devops,off,2,5,25,15,2/24/2018,2,robotics
689,bench,2,50,4,devops,off,2,1,25,10,2/25/2018,1,robotics
690,bench,1,30,4,devops,off,2,1,24,10,2/26/2019,1,robotics
691,bench,10,120,1,domain,on,0,20,28,30,2/17/2010,1,robotics
692,bench,9,100,2,domain,off,0,15,28,30,2/18/2011,2,robotics
693,bench,7,60,3,design,off,1,0,27,30,2/19/2013,3,robotics
694,bench,5,60,3,design,off,3,0,27,20,2/20/2015,4,robotics
695,bench,5,60,2,design,off,5,1,26,20,2/21/2015,5,robotics
696,bench,4,60,2,devops,off,1,1,26,15,2/22/2016,4,robotics
697,bench,3,50,3,devops,on,3,1,26,15,2/23/2017,3,robotics
698,bench,2,50,3,devops,off,2,5,25,15,2/24/2018,2,robotics
699,bench,2,50,4,devops,off,2,1,25,10,2/25/2018,1,robotics
700,bench,1,30,4,devops,off,2,1,24,10,2/26/2019,1,robotics
701,bench,10,120,1,domain,on,0,20,28,30,2/17/2010,1,fullstack
702,bench,9,100,2,domain,off,0,15,28,30,2/18/2011,2,fullstack
703,bench,7,60,3,design,off,1,0,27,30,2/19/2013,3,ms-os
704,bench,5,60,3,design,off,3,0,27,20,2/20/2015,4,ms-os
705,bench,5,60,2,design,off,5,1,26,20,2/21/2015,5,ms-os
706,bench,4,60,2,devops,off,1,1,26,15,2/22/2016,4,ms-os
707,bench,3,50,3,devops,on,3,1,26,15,2/23/2017,3,ms-os
708,bench,2,50,3,devops,off,2,5,25,15,2/24/2018,2,ms-os
709,bench,2,50,4,devops,off,2,1,25,10,2/25/2018,1,ms-os
710,bench,1,30,4,devops,off,2,1,24,10,2/26/2019,1,ms-os
711,bench,10,120,1,domain,on,0,20,28,30,2/17/2010,1,ms-os
712,bench,9,100,2,domain,off,0,15,28,30,2/18/2011,2,ms-os
713,bench,7,60,3,design,off,1,0,27,30,2/19/2013,3,ms-os
714,bench,5,60,3,design,off,3,0,27,20,2/20/2015,4,ms-os
715,bench,5,60,2,design,off,5,1,26,20,2/21/2015,5,ms-os
716,bench,4,60,2,devops,off,1,1,26,15,2/22/2016,4,ms-os
717,bench,3,50,3,devops,on,3,1,26,15,2/23/2017,3,ms-os
718,bench,2,50,3,devops,off,2,5,25,15,2/24/2018,2,ms-os
719,bench,2,50,4,devops,off,2,1,25,10,2/25/2018,1,ms-os
720,bench,1,30,4,devops,off,2,1,24,10,2/26/2019,1,ms-os
721,bench,10,120,1,domain,on,0,20,28,30,2/17/2010,1,fullstack
722,bench,9,100,2,domain,off,0,15,28,30,2/18/2011,2,fullstack
723,bench,7,60,3,design,off,1,0,27,30,2/19/2013,3,jav-os
724,bench,5,60,3,design,off,3,0,27,20,2/20/2015,4,jav-os
725,bench,5,60,2,design,off,5,1,26,20,2/21/2015,5,jav-os
726,bench,4,60,2,devops,off,1,1,26,15,2/22/2016,4,jav-os
727,bench,3,50,3,devops,on,3,1,26,15,2/23/2017,3,jav-os
728,bench,2,50,3,devops,off,2,5,25,15,2/24/2018,2,jav-os
729,bench,2,50,4,devops,off,2,1,25,10,2/25/2018,1,jav-os
730,bench,1,30,4,devops,off,2,1,24,10,2/26/2019,1,jav-os
731,bench,10,120,1,domain,on,0,20,28,30,2/17/2010,1,jav-os
732,bench,9,100,2,domain,off,0,15,28,30,2/18/2011,2,jav-os
733,bench,7,60,3,design,off,1,0,27,30,2/19/2013,3,jav-os
734,bench,5,60,3,design,off,3,0,27,20,2/20/2015,4,jav-os
735,bench,5,60,2,design,off,5,1,26,20,2/21/2015,5,jav-os
736,bench,4,60,2,devops,off,1,1,26,15,2/22/2016,4,jav-os
737,bench,3,50,3,devops,on,3,1,26,15,2/23/2017,3,jav-os
738,bench,2,50,3,devops,off,2,5,25,15,2/24/2018,2,jav-os
739,bench,2,50,4,devops,off,2,1,25,10,2/25/2018,1,jav-os
740,bench,1,30,4,devops,off,2,1,24,10,2/26/2019,1,jav-os
741,bench,10,120,1,domain,on,0,20,28,30,2/17/2010,1,fullstack
742,bench,9,100,2,domain,off,0,15,28,30,2/18/2011,2,fullstack
743,bench,7,60,3,design,off,1,0,27,30,2/19/2013,3,analytics
744,bench,5,60,3,design,off,3,0,27,20,2/20/2015,4,analytics
745,bench,5,60,2,design,off,5,1,26,20,2/21/2015,5,analytics
746,bench,4,60,2,devops,off,1,1,26,15,2/22/2016,4,analytics
747,bench,3,50,3,devops,on,3,1,26,15,2/23/2017,3,analytics
748,bench,2,50,3,devops,off,2,5,25,15,2/24/2018,2,analytics
749,bench,2,50,4,devops,off,2,1,25,10,2/25/2018,1,analytics
750,bench,1,30,4,devops,off,2,1,24,10,2/26/2019,1,analytics
751,bench,10,120,1,domain,on,0,20,28,30,2/17/2010,1,analytics
752,bench,9,100,2,domain,off,0,15,28,30,2/18/2011,2,analytics
753,bench,7,60,3,design,off,1,0,27,30,2/19/2013,3,analytics
754,bench,5,60,3,design,off,3,0,27,20,2/20/2015,4,analytics
755,bench,5,60,2,design,off,5,1,26,20,2/21/2015,5,analytics
756,bench,4,60,2,devops,off,1,1,26,15,2/22/2016,4,analytics
757,bench,3,50,3,devops,on,3,1,26,15,2/23/2017,3,analytics
758,bench,2,50,3,devops,off,2,5,25,15,2/24/2018,2,analytics
759,bench,2,50,4,devops,off,2,1,25,10,2/25/2018,1,analytics
760,bench,1,30,4,devops,off,2,1,24,10,2/26/2019,1,analytics
761,bench,10,120,1,domain,on,0,20,28,30,2/17/2010,1,fullstack
762,bench,9,100,2,domain,off,0,15,28,30,2/18/2011,2,fullstack
763,bench,7,60,3,design,off,1,0,27,30,2/19/2013,3,mobility
764,bench,5,60,3,design,off,3,0,27,20,2/20/2015,4,mobility
765,bench,5,60,2,design,off,5,1,26,20,2/21/2015,5,mobility
766,bench,4,60,2,devops,off,1,1,26,15,2/22/2016,4,mobility
767,bench,3,50,3,devops,on,3,1,26,15,2/23/2017,3,mobility
768,bench,2,50,3,devops,off,2,5,25,15,2/24/2018,2,mobility
769,bench,2,50,4,devops,off,2,1,25,10,2/25/2018,1,mobility
770,bench,1,30,4,devops,off,2,1,24,10,2/26/2019,1,mobility
771,bench,10,120,1,domain,on,0,20,28,30,2/17/2010,1,mobility
772,bench,9,100,2,domain,off,0,15,28,30,2/18/2011,2,mobility
773,bench,7,60,3,design,off,1,0,27,30,2/19/2013,3,mobility
774,bench,5,60,3,design,off,3,0,27,20,2/20/2015,4,mobility
775,bench,5,60,2,design,off,5,1,26,20,2/21/2015,5,mobility
776,bench,4,60,2,devops,off,1,1,26,15,2/22/2016,4,mobility
777,bench,3,50,3,devops,on,3,1,26,15,2/23/2017,3,mobility
778,bench,2,50,3,devops,off,2,5,25,15,2/24/2018,2,mobility
779,bench,2,50,4,devops,off,2,1,25,10,2/25/2018,1,mobility
780,bench,1,30,4,devops,off,2,1,24,10,2/26/2019,1,mobility
781,bench,10,120,1,domain,on,0,20,28,30,2/17/2010,1,fullstack
782,bench,9,100,2,domain,off,0,15,28,30,2/18/2011,2,fullstack
783,bench,7,60,3,design,off,1,0,27,30,2/19/2013,3,robotics
784,bench,5,60,3,design,off,3,0,27,20,2/20/2015,4,robotics
785,bench,5,60,2,design,off,5,1,26,20,2/21/2015,5,robotics
786,bench,4,60,2,devops,off,1,1,26,15,2/22/2016,4,robotics
787,bench,3,50,3,devops,on,3,1,26,15,2/23/2017,3,robotics
788,bench,2,50,3,devops,off,2,5,25,15,2/24/2018,2,robotics
789,bench,2,50,4,devops,off,2,1,25,10,2/25/2018,1,robotics
790,bench,1,30,4,devops,off,2,1,24,10,2/26/2019,1,robotics
791,bench,10,120,1,domain,on,0,20,28,30,2/17/2010,1,robotics
792,bench,9,100,2,domain,off,0,15,28,30,2/18/2011,2,robotics
793,bench,7,60,3,design,off,1,0,27,30,2/19/2013,3,robotics
794,bench,5,60,3,design,off,3,0,27,20,2/20/2015,4,robotics
795,bench,5,60,2,design,off,5,1,26,20,2/21/2015,5,robotics
796,bench,4,60,2,devops,off,1,1,26,15,2/22/2016,4,robotics
797,bench,3,50,3,devops,on,3,1,26,15,2/23/2017,3,robotics
798,bench,2,50,3,devops,off,2,5,25,15,2/24/2018,2,robotics
799,bench,2,50,4,devops,off,2,1,25,10,2/25/2018,1,robotics
800,bench,1,30,4,devops,off,2,1,24,10,2/26/2019,1,robotics
801,bench,10,120,1,domain,on,0,20,28,30,2/17/2010,1,fullstack
802,bench,9,100,2,domain,off,0,15,28,30,2/18/2011,2,fullstack
803,bench,7,60,3,design,off,1,0,27,30,2/19/2013,3,ms-os
804,bench,5,60,3,design,off,3,0,27,20,2/20/2015,4,ms-os
805,bench,5,60,2,design,off,5,1,26,20,2/21/2015,5,ms-os
806,bench,4,60,2,devops,off,1,1,26,15,2/22/2016,4,ms-os
807,bench,3,50,3,devops,on,3,1,26,15,2/23/2017,3,ms-os
808,bench,2,50,3,devops,off,2,5,25,15,2/24/2018,2,ms-os
809,bench,2,50,4,devops,off,2,1,25,10,2/25/2018,1,ms-os
810,bench,1,30,4,devops,off,2,1,24,10,2/26/2019,1,ms-os
811,bench,10,120,1,domain,on,0,20,28,30,2/17/2010,1,ms-os
812,bench,9,100,2,domain,off,0,15,28,30,2/18/2011,2,ms-os
813,bench,7,60,3,design,off,1,0,27,30,2/19/2013,3,ms-os
814,bench,5,60,3,design,off,3,0,27,20,2/20/2015,4,ms-os
815,bench,5,60,2,design,off,5,1,26,20,2/21/2015,5,ms-os
816,bench,4,60,2,devops,off,1,1,26,15,2/22/2016,4,ms-os
817,bench,3,50,3,devops,on,3,1,26,15,2/23/2017,3,ms-os
818,bench,2,50,3,devops,off,2,5,25,15,2/24/2018,2,ms-os
819,bench,2,50,4,devops,off,2,1,25,10,2/25/2018,1,ms-os
820,bench,1,30,4,devops,off,2,1,24,10,2/26/2019,1,ms-os
821,bench,10,120,1,domain,on,0,20,28,30,2/17/2010,1,fullstack
822,bench,9,100,2,domain,off,0,15,28,30,2/18/2011,2,fullstack
823,bench,7,60,3,design,off,1,0,27,30,2/19/2013,3,jav-os
824,bench,5,60,3,design,off,3,0,27,20,2/20/2015,4,jav-os
825,bench,5,60,2,design,off,5,1,26,20,2/21/2015,5,jav-os
826,bench,4,60,2,devops,off,1,1,26,15,2/22/2016,4,jav-os
827,bench,3,50,3,devops,on,3,1,26,15,2/23/2017,3,jav-os
828,bench,2,50,3,devops,off,2,5,25,15,2/24/2018,2,jav-os
829,bench,2,50,4,devops,off,2,1,25,10,2/25/2018,1,jav-os
830,bench,1,30,4,devops,off,2,1,24,10,2/26/2019,1,jav-os
831,bench,10,120,1,domain,on,0,20,28,30,2/17/2010,1,jav-os
832,bench,9,100,2,domain,off,0,15,28,30,2/18/2011,2,jav-os
833,bench,7,60,3,design,off,1,0,27,30,2/19/2013,3,jav-os
834,bench,5,60,3,design,off,3,0,27,20,2/20/2015,4,jav-os
835,bench,5,60,2,design,off,5,1,26,20,2/21/2015,5,jav-os
836,bench,4,60,2,devops,off,1,1,26,15,2/22/2016,4,jav-os
837,bench,3,50,3,devops,on,3,1,26,15,2/23/2017,3,jav-os
838,bench,2,50,3,devops,off,2,5,25,15,2/24/2018,2,jav-os
839,bench,2,50,4,devops,off,2,1,25,10,2/25/2018,1,jav-os
840,bench,1,30,4,devops,off,2,1,24,10,2/26/2019,1,jav-os
841,bench,10,120,1,domain,on,0,20,28,30,2/17/2010,1,fullstack
842,bench,9,100,2,domain,off,0,15,28,30,2/18/2011,2,fullstack
843,bench,7,60,3,design,off,1,0,27,30,2/19/2013,3,analytics
844,bench,5,60,3,design,off,3,0,27,20,2/20/2015,4,analytics
845,bench,5,60,2,design,off,5,1,26,20,2/21/2015,5,analytics
846,bench,4,60,2,devops,off,1,1,26,15,2/22/2016,4,analytics
847,bench,3,50,3,devops,on,3,1,26,15,2/23/2017,3,analytics
848,bench,2,50,3,devops,off,2,5,25,15,2/24/2018,2,analytics
849,bench,2,50,4,devops,off,2,1,25,10,2/25/2018,1,analytics
850,bench,1,30,4,devops,off,2,1,24,10,2/26/2019,1,analytics
851,bench,10,120,1,domain,on,0,20,28,30,2/17/2010,1,analytics
852,bench,9,100,2,domain,off,0,15,28,30,2/18/2011,2,analytics
853,bench,7,60,3,design,off,1,0,27,30,2/19/2013,3,analytics
854,bench,5,60,3,design,off,3,0,27,20,2/20/2015,4,analytics
855,bench,5,60,2,design,off,5,1,26,20,2/21/2015,5,analytics
856,bench,4,60,2,devops,off,1,1,26,15,2/22/2016,4,analytics
857,bench,3,50,3,devops,on,3,1,26,15,2/23/2017,3,analytics
858,bench,2,50,3,devops,off,2,5,25,15,2/24/2018,2,analytics
859,bench,2,50,4,devops,off,2,1,25,10,2/25/2018,1,analytics
860,bench,1,30,4,devops,off,2,1,24,10,2/26/2019,1,analytics
861,bench,10,120,1,domain,on,0,20,28,30,2/17/2010,1,fullstack
862,bench,9,100,2,domain,off,0,15,28,30,2/18/2011,2,fullstack
863,bench,7,60,3,design,off,1,0,27,30,2/19/2013,3,mobility
864,bench,5,60,3,design,off,3,0,27,20,2/20/2015,4,mobility
865,bench,5,60,2,design,off,5,1,26,20,2/21/2015,5,mobility
866,bench,4,60,2,devops,off,1,1,26,15,2/22/2016,4,mobility
867,bench,3,50,3,devops,on,3,1,26,15,2/23/2017,3,mobility
868,bench,2,50,3,devops,off,2,5,25,15,2/24/2018,2,mobility
869,bench,2,50,4,devops,off,2,1,25,10,2/25/2018,1,mobility
870,bench,1,30,4,devops,off,2,1,24,10,2/26/2019,1,mobility
871,bench,10,120,1,domain,on,0,20,28,30,2/17/2010,1,mobility
872,bench,9,100,2,domain,off,0,15,28,30,2/18/2011,2,mobility
873,bench,7,60,3,design,off,1,0,27,30,2/19/2013,3,mobility
874,bench,5,60,3,design,off,3,0,27,20,2/20/2015,4,mobility
875,bench,5,60,2,design,off,5,1,26,20,2/21/2015,5,mobility
876,bench,4,60,2,devops,off,1,1,26,15,2/22/2016,4,mobility
877,bench,3,50,3,devops,on,3,1,26,15,2/23/2017,3,mobility
878,bench,2,50,3,devops,off,2,5,25,15,2/24/2018,2,mobility
879,bench,2,50,4,devops,off,2,1,25,10,2/25/2018,1,mobility
880,bench,1,30,4,devops,off,2,1,24,10,2/26/2019,1,mobility
881,bench,10,120,1,domain,on,0,20,28,30,2/17/2010,1,fullstack
882,bench,9,100,2,domain,off,0,15,28,30,2/18/2011,2,fullstack
883,bench,7,60,3,design,off,1,0,27,30,2/19/2013,3,robotics
884,bench,5,60,3,design,off,3,0,27,20,2/20/2015,4,robotics
885,bench,5,60,2,design,off,5,1,26,20,2/21/2015,5,robotics
886,bench,4,60,2,devops,off,1,1,26,15,2/22/2016,4,robotics
887,bench,3,50,3,devops,on,3,1,26,15,2/23/2017,3,robotics
888,bench,2,50,3,devops,off,2,5,25,15,2/24/2018,2,robotics
889,bench,2,50,4,devops,off,2,1,25,10,2/25/2018,1,robotics
890,bench,1,30,4,devops,off,2,1,24,10,2/26/2019,1,robotics
891,bench,10,120,1,domain,on,0,20,28,30,2/17/2010,1,robotics
892,bench,9,100,2,domain,off,0,15,28,30,2/18/2011,2,robotics
893,bench,7,60,3,design,off,1,0,27,30,2/19/2013,3,robotics
894,bench,5,60,3,design,off,3,0,27,20,2/20/2015,4,robotics
895,bench,5,60,2,design,off,5,1,26,20,2/21/2015,5,robotics
896,bench,4,60,2,devops,off,1,1,26,15,2/22/2016,4,robotics
897,bench,3,50,3,devops,on,3,1,26,15,2/23/2017,3,robotics
898,bench,2,50,3,devops,off,2,5,25,15,2/24/2018,2,robotics
899,bench,2,50,4,devops,off,2,1,25,10,2/25/2018,1,robotics
900,bench,1,30,4,devops,off,2,1,24,10,2/26/2019,1,robotics
901,bench,10,120,1,domain,on,0,20,28,30,2/17/2010,1,fullstack
902,bench,9,100,2,domain,off,0,15,28,30,2/18/2011,2,fullstack
903,bench,7,60,3,design,off,1,0,27,30,2/19/2013,3,ms-os
904,bench,5,60,3,design,off,3,0,27,20,2/20/2015,4,ms-os
905,bench,5,60,2,design,off,5,1,26,20,2/21/2015,5,ms-os
906,bench,4,60,2,devops,off,1,1,26,15,2/22/2016,4,ms-os
907,bench,3,50,3,devops,on,3,1,26,15,2/23/2017,3,ms-os
908,bench,2,50,3,devops,off,2,5,25,15,2/24/2018,2,ms-os
909,bench,2,50,4,devops,off,2,1,25,10,2/25/2018,1,ms-os
910,bench,1,30,4,devops,off,2,1,24,10,2/26/2019,1,ms-os
911,bench,10,120,1,domain,on,0,20,28,30,2/17/2010,1,ms-os
912,bench,9,100,2,domain,off,0,15,28,30,2/18/2011,2,ms-os
913,bench,7,60,3,design,off,1,0,27,30,2/19/2013,3,ms-os
914,bench,5,60,3,design,off,3,0,27,20,2/20/2015,4,ms-os
915,bench,5,60,2,design,off,5,1,26,20,2/21/2015,5,ms-os
916,bench,4,60,2,devops,off,1,1,26,15,2/22/2016,4,ms-os
917,bench,3,50,3,devops,on,3,1,26,15,2/23/2017,3,ms-os
918,bench,2,50,3,devops,off,2,5,25,15,2/24/2018,2,ms-os
919,bench,2,50,4,devops,off,2,1,25,10,2/25/2018,1,ms-os
920,bench,1,30,4,devops,off,2,1,24,10,2/26/2019,1,ms-os
921,bench,10,120,1,domain,on,0,20,28,30,2/17/2010,1,fullstack
922,bench,9,100,2,domain,off,0,15,28,30,2/18/2011,2,fullstack
923,bench,7,60,3,design,off,1,0,27,30,2/19/2013,3,jav-os
924,bench,5,60,3,design,off,3,0,27,20,2/20/2015,4,jav-os
925,bench,5,60,2,design,off,5,1,26,20,2/21/2015,5,jav-os
926,bench,4,60,2,devops,off,1,1,26,15,2/22/2016,4,jav-os
927,bench,3,50,3,devops,on,3,1,26,15,2/23/2017,3,jav-os
928,bench,2,50,3,devops,off,2,5,25,15,2/24/2018,2,jav-os
929,bench,2,50,4,devops,off,2,1,25,10,2/25/2018,1,jav-os
930,bench,1,30,4,devops,off,2,1,24,10,2/26/2019,1,jav-os
931,bench,10,120,1,domain,on,0,20,28,30,2/17/2010,1,jav-os
932,bench,9,100,2,domain,off,0,15,28,30,2/18/2011,2,jav-os
933,bench,7,60,3,design,off,1,0,27,30,2/19/2013,3,jav-os
934,bench,5,60,3,design,off,3,0,27,20,2/20/2015,4,jav-os
935,bench,5,60,2,design,off,5,1,26,20,2/21/2015,5,jav-os
936,bench,4,60,2,devops,off,1,1,26,15,2/22/2016,4,jav-os
937,bench,3,50,3,devops,on,3,1,26,15,2/23/2017,3,jav-os
938,bench,2,50,3,devops,off,2,5,25,15,2/24/2018,2,jav-os
939,bench,2,50,4,devops,off,2,1,25,10,2/25/2018,1,jav-os
940,bench,1,30,4,devops,off,2,1,24,10,2/26/2019,1,jav-os
941,bench,10,120,1,domain,on,0,20,28,30,2/17/2010,1,fullstack
942,bench,9,100,2,domain,off,0,15,28,30,2/18/2011,2,fullstack
943,bench,7,60,3,design,off,1,0,27,30,2/19/2013,3,analytics
944,bench,5,60,3,design,off,3,0,27,20,2/20/2015,4,analytics
945,bench,5,60,2,design,off,5,1,26,20,2/21/2015,5,analytics
946,bench,4,60,2,devops,off,1,1,26,15,2/22/2016,4,analytics
947,bench,3,50,3,devops,on,3,1,26,15,2/23/2017,3,analytics
948,bench,2,50,3,devops,off,2,5,25,15,2/24/2018,2,analytics
949,bench,2,50,4,devops,off,2,1,25,10,2/25/2018,1,analytics
950,bench,1,30,4,devops,off,2,1,24,10,2/26/2019,1,analytics
951,bench,10,120,1,domain,on,0,20,28,30,2/17/2010,1,analytics
952,bench,9,100,2,domain,off,0,15,28,30,2/18/2011,2,analytics
953,bench,7,60,3,design,off,1,0,27,30,2/19/2013,3,analytics
954,bench,5,60,3,design,off,3,0,27,20,2/20/2015,4,analytics
955,bench,5,60,2,design,off,5,1,26,20,2/21/2015,5,analytics
956,bench,4,60,2,devops,off,1,1,26,15,2/22/2016,4,analytics
957,bench,3,50,3,devops,on,3,1,26,15,2/23/2017,3,analytics
958,bench,2,50,3,devops,off,2,5,25,15,2/24/2018,2,analytics
959,bench,2,50,4,devops,off,2,1,25,10,2/25/2018,1,analytics
960,bench,1,30,4,devops,off,2,1,24,10,2/26/2019,1,analytics
961,bench,10,120,1,domain,on,0,20,28,30,2/17/2010,1,fullstack
962,bench,9,100,2,domain,off,0,15,28,30,2/18/2011,2,fullstack
963,bench,7,60,3,design,off,1,0,27,30,2/19/2013,3,mobility
964,bench,5,60,3,design,off,3,0,27,20,2/20/2015,4,mobility
965,bench,5,60,2,design,off,5,1,26,20,2/21/2015,5,mobility
966,bench,4,60,2,devops,off,1,1,26,15,2/22/2016,4,mobility
967,bench,3,50,3,devops,on,3,1,26,15,2/23/2017,3,mobility
968,bench,2,50,3,devops,off,2,5,25,15,2/24/2018,2,mobility
969,bench,2,50,4,devops,off,2,1,25,10,2/25/2018,1,mobility
970,bench,1,30,4,devops,off,2,1,24,10,2/26/2019,1,mobility
971,bench,10,120,1,domain,on,0,20,28,30,2/17/2010,1,mobility
972,bench,9,100,2,domain,off,0,15,28,30,2/18/2011,2,mobility
973,bench,7,60,3,design,off,1,0,27,30,2/19/2013,3,mobility
974,bench,5,60,3,design,off,3,0,27,20,2/20/2015,4,mobility
975,bench,5,60,2,design,off,5,1,26,20,2/21/2015,5,mobility
976,bench,4,60,2,devops,off,1,1,26,15,2/22/2016,4,mobility
977,bench,3,50,3,devops,on,3,1,26,15,2/23/2017,3,mobility
978,bench,2,50,3,devops,off,2,5,25,15,2/24/2018,2,mobility
979,bench,2,50,4,devops,off,2,1,25,10,2/25/2018,1,mobility
980,bench,1,30,4,devops,off,2,1,24,10,2/26/2019,1,mobility
981,bench,10,120,1,domain,on,0,20,28,30,2/17/2010,1,fullstack
982,bench,9,100,2,domain,off,0,15,28,30,2/18/2011,2,fullstack
983,bench,7,60,3,design,off,1,0,27,30,2/19/2013,3,robotics
984,bench,5,60,3,design,off,3,0,27,20,2/20/2015,4,robotics
985,bench,5,60,2,design,off,5,1,26,20,2/21/2015,5,robotics
986,bench,4,60,2,devops,off,1,1,26,15,2/22/2016,4,robotics
987,bench,3,50,3,devops,on,3,1,26,15,2/23/2017,3,robotics
988,bench,2,50,3,devops,off,2,5,25,15,2/24/2018,2,robotics
989,bench,2,50,4,devops,off,2,1,25,10,2/25/2018,1,robotics
990,bench,1,30,4,devops,off,2,1,24,10,2/26/2019,1,robotics
991,bench,10,120,1,domain,on,0,20,28,30,2/17/2010,1,robotics
992,bench,9,100,2,domain,off,0,15,28,30,2/18/2011,2,robotics
993,bench,7,60,3,design,off,1,0,27,30,2/19/2013,3,robotics
994,bench,5,60,3,design,off,3,0,27,20,2/20/2015,4,robotics
995,bench,5,60,2,design,off,5,1,26,20,2/21/2015,5,robotics
996,bench,4,60,2,devops,off,1,1,26,15,2/22/2016,4,robotics
997,bench,3,50,3,devops,on,3,1,26,15,2/23/2017,3,robotics
998,bench,2,50,3,devops,off,2,5,25,15,2/24/2018,2,robotics
999,bench,2,50,4,devops,off,2,1,25,10,2/25/2018,1,robotics
1000,bench,1,30,4,devops,off,2,1,24,10,2/26/2019,1,robotics